{"cameraMode":{"drawMode":0,"name":"Shaded","section":"Shading Mode"},"sceneLighting":false,"audioPlay":false,"sceneViewState":{"showFog":true,"showMaterialUpdate":false,"showSkybox":true,"showFlares":true,"showImageEffects":true,"showParticleSystems":true},"in2DMode":false,"pivot":{"x":-0.4452228546142578,"y":1.6742119789123536,"z":-0.6204319000244141},"rotation":{"x":-0.05948682874441147,"y":0.9140909314155579,"z":-0.14546190202236176,"w":-0.3738184869289398},"size":5.8716559410095219,"orthographic":false}