{"cameraMode":{"drawMode":0,"name":"Shaded","section":"Shading Mode"},"sceneLighting":false,"audioPlay":false,"sceneViewState":{"m_AlwaysRefresh":false,"showFog":true,"showSkybox":false,"showFlares":true,"showImageEffects":true,"showParticleSystems":true,"showVisualEffectGraphs":true,"m_FxEnabled":true},"in2DMode":false,"pivot":{"x":4.983332633972168,"y":7.1608076095581059,"z":10.725638389587403},"rotation":{"x":0.3647335469722748,"y":-0.39292964339256289,"z":0.1736014187335968,"w":0.8261293768882752},"size":0.09700989723205567,"orthographic":false}