{"cameraMode":{"drawMode":0,"name":"Shaded","section":"Shading Mode"},"sceneLighting":true,"audioPlay":false,"sceneViewState":{"m_AlwaysRefresh":false,"showFog":true,"showSkybox":true,"showFlares":true,"showImageEffects":true,"showParticleSystems":true,"showVisualEffectGraphs":true,"m_FxEnabled":true},"in2DMode":false,"pivot":{"x":-0.22503310441970826,"y":2.9992051124572756,"z":3.6171693801879885},"rotation":{"x":0.006300338078290224,"y":-0.027333637699484826,"z":0.00040689189336262643,"w":0.9996584057807922},"size":6.66537618637085,"orthographic":false}