{"cameraMode":{"drawMode":0,"name":"Shaded","section":"Shading Mode"},"sceneLighting":false,"audioPlay":false,"sceneViewState":{"m_AlwaysRefresh":false,"showFog":true,"showSkybox":false,"showFlares":true,"showImageEffects":true,"showParticleSystems":true,"showVisualEffectGraphs":true,"m_FxEnabled":true},"in2DMode":false,"pivot":{"x":0.61199951171875,"y":1.6715238094329835,"z":5.742000102996826},"rotation":{"x":-0.16576451063156129,"y":-0.05825280770659447,"z":0.009636647067964077,"w":-0.9844419360160828},"size":0.8643044829368591,"orthographic":false}